Item / Component name,Category,Recommended spec,Approx. price (USD estimate),Example purchase link,Notes
Rotor blade material,Rotor,"2-3 mm aluminum sheet or schedule-40 PVC; UV-resistant coating",$80-220,https://www.mcmaster.com/aluminum-sheets/,"Aluminum is durable; PVC is lower-cost for prototypes."
Central shaft,Shaft/Bearing,"25-35 mm steel shaft, keyed where needed",$60-180,https://www.grainger.com/category/power-transmission/shafts-and-shaft-collars,"Confirm bearing bore compatibility."
Top pillow block bearing,Shaft/Bearing,"Self-aligning pillow block matched to shaft diameter",$30-90,https://www.mcmaster.com/pillow-block-bearings/,"Use weather shields if exposed."
Bottom pillow block bearing,Shaft/Bearing,"Heavy-duty pillow block, sealed if possible",$35-110,https://www.grainger.com/category/power-transmission/bearings/pillow-block-bearings,"Bottom bearing carries major load."
Frame/tower tubing,Tower/Mounting,"Galvanized steel tube/square section (e.g., 40-60 mm)",$120-450,https://www.metalsdepot.com/steel-products/steel-square-tube,"Match wall thickness to loading."
PMA / wind generator,Generator,"24 V permanent magnet alternator, 400 W-1 kW",$180-650,https://www.mwands.com/wind-turbine-generators/,"Choose low cut-in RPM model for VAWT."
3-phase bridge rectifier,Electrical,"3-phase AC to DC bridge, current rating above max turbine output",$15-60,https://www.digikey.com/en/products/filter/diodes-bridge-rectifiers/299,"Mount to heatsink when required."
Wind-rated charge controller,Electrical,"24 V wind controller with diversion/dump-load control",$90-320,https://www.amazon.com/s?k=wind+charge+controller+24v,"Ensure wind-specific braking/diversion support."
Dump load resistor,Electrical,"24 V-compatible diversion load bank, power-rated above expected excess",$45-180,https://www.mwands.com/dump-loads.html,"Mount away from flammable surfaces."
Battery bank,Electrical,"24 V bank (2x12 V LiFePO4 or AGM in series), 100-200 Ah typical",$400-1600,https://www.renogy.com/deep-cycle-batteries/,"Follow battery chemistry-specific charging limits."
Disconnect switch / breaker,Electrical,"DC-rated disconnect and appropriately sized breaker/fuse",$30-150,https://www.digikey.com/en/products/filter/circuit-breakers/141,"Place protection near source and battery."
Wiring/cable,Electrical,"UV-resistant copper cable, commonly 8-12 AWG depending run/current",$80-260,https://www.mcmaster.com/electrical-wire/,"Size by ampacity and voltage drop."
Connectors/terminals,Fasteners/Misc,"Ring terminals, ferrules, weatherproof glands, adhesive heat-shrink",$25-120,https://www.digikey.com/en/products/filter/terminals/372,"Use crimping tools matched to lug type."
Mounting hardware/fasteners,Fasteners/Misc,"Stainless or galvanized bolts/nuts/washers, lock nuts, threadlocker",$40-180,https://www.mcmaster.com/fasteners/,"Re-torque after first week of operation."
Guy wire kit / tower anchors,Tower/Mounting,"Galvanized guy wires, turnbuckles, thimbles, rated anchors",$90-300,https://www.amazon.com/s?k=guy+wire+kit,"Use 3 or 4-way symmetric guying for towers."
Weatherproof enclosure for electronics,Electrical,"NEMA/IP-rated outdoor enclosure with ventilation strategy",$60-240,https://www.grainger.com/category/electrical/electrical-boxes-covers-fittings/enclosures,"Keep controller and rectifier dry and accessible."
